PC1,PC2,PC3,PC4,PC5
-461.74910912634965,-6.739977385696905,-1.177465136485301,6.764578180439759,-1.8896720341031
105.45263601097884,-21.582688729683976,-95.1398383688209,-5.8206095517711205,-0.5124364080632091
124.4096648005177,-21.48346676738415,-90.24477081001373,-5.268890211665873,-1.557119112101276
-477.042193132978,-6.556265521280071,11.64222973780767,49.88691013221117,11.827475680001427
-449.49848597057667,-5.922384886194211,24.988904977952217,50.967331140795096,10.44486427726929
-63.61713374317645,-12.725786834991878,-14.043638183209882,-15.893662288431527,4.253862063048146
-55.49261323739006,-12.62300473108998,-12.078539646475667,-17.95037723750415,0.15837409419792436
65.0802958232706,-12.727771947374908,26.34772047251721,41.40346737630034,4.784626032663255
145.3260511910587,-15.79839955000013,-5.543747903916634,20.25862926581149,-0.055784976915717266
143.95852096758802,-18.565736006005594,-48.35176777891435,-2.2164858598577375,0.9421871147819303
143.87100218472972,-18.79981310206681,-47.79767511793003,9.46734011559749,1.8966142981925458
155.49789492009086,-20.04780343258133,-65.26897421385146,-3.4597598430356946,10.477429895337195
107.73452073957685,-19.63675964258412,-58.31467766473238,34.14659068401291,-19.28306152495349
138.93656159252623,-15.420097912875214,-8.478027426780663,-1.7201714699049901,-2.017360251902545
153.16934495997816,-14.850169225286148,-5.185886386926281,-23.57015123228674,-1.8835704887361686
168.58090735267342,-15.09622546255859,1.3788073036382489,-1.0402208591950846,4.109876887574956
-473.11394943279794,-5.153140514414799,9.528671033395076,-19.34566113598197,0.7351291979384484
100.05467266594269,-21.916008891122328,-96.21834946779464,8.991825957630486,-4.677267833219446
-484.39954073073113,-5.6106610455723045,3.962593601675655,-11.147720178555605,-0.222668676250521
-458.7459517866061,-6.598317622148217,-0.893450774199879,-0.29752089190319,-2.9151177869177047
145.44501207844428,-15.352634738419823,-6.798218166620465,-3.1214601170864746,-2.976987099212792
167.50028674398322,-19.98512139509301,-62.38636676342174,-2.691466318809219,0.9653241977776759
-344.76045689193705,-4.18002039849895,49.634091056676226,-8.095256619976674,33.91546388598631
-10.548652681354383,-12.47802649695035,2.768508049620417,-1.5701839088036635,-2.0659206535790275
50.59071924191596,-11.683069850536352,20.348624017483694,-14.754951956986497,6.8128265212263415
58.00494955242766,-12.232894203625431,23.257406329508385,14.60532271820593,2.212750834329512
119.21669601972314,-15.408777198157559,-13.97063892299827,-9.306964778167728,1.1515957342017487
138.90188786833153,-15.542087917958842,-8.167975415680946,4.4778780888734,-1.4001006863681766
176.8222327798967,-14.581968851711444,3.0049828153316565,-21.695640471352245,-1.6136303787659472
184.48342674953938,-14.817011023470585,6.281512199106098,-5.759737053282997,-0.6586946198720369
137.36136512902715,-18.293023683853782,-50.745485370284584,-18.915786393603234,5.7467704220984785
155.50161290954088,-19.384040425279128,-44.73720789933752,37.39558861482662,1.9936519740372205
148.69108773221035,-20.136503815876228,-68.06288249179744,-3.226399865215413,-2.9673159319545164
161.05166878479497,-20.062251231467055,-64.15509051254153,-1.2896168407780202,0.11087243085370346
167.53795350386304,-19.859471781097614,-62.69892093712226,-8.918845400804305,0.4141071565097718
173.60667289403693,-20.428933129768964,-59.99316490296969,21.087539845008163,1.8028527119729603
105.51205658528681,-21.39314277430378,-95.59134952861741,-15.276186804754749,-1.1764999180934694
119.68405299937785,-22.0387438587821,-90.08991972954406,21.590057725289032,3.3030208511702313
124.4569741719564,-21.350081504177865,-90.53215932203484,-11.71103685566802,-1.8287805455788941
-487.99620997577836,-5.8544600823346205,2.7324594490048657,-2.7407810591987563,-1.6247288139366702
-187.50473485494837,-11.397705776209985,-16.731868913537614,-6.705574649721612,-10.73404102922538
72.313441041587,-15.922275782646736,-26.394604704279494,-0.6640135020897482,-0.36687364561274194
96.90523308599563,-15.921638422840612,-18.381208632174225,10.115607751514684,9.112448383252826
143.90794557512925,-18.74388837051233,-47.95244075689196,6.1306833958792915,1.5137844126152231
179.32100959496893,-20.678627357337984,-58.22218940612486,33.76732481334889,2.3912030733123686
137.3659346302561,-18.288224281920186,-50.72769101708517,-19.014903067551245,5.823642695727202
138.7946935275969,-15.976264643924619,-6.965533099045826,26.738772759193434,1.3299444950293093
-112.10704794845248,-13.31120610728498,-28.142063303216737,-8.91200769403764,5.610910645608527
-491.18407333221603,-5.78391285823232,0.9611405180693264,-9.903050924247307,-3.803985564046201
-447.6810685188766,-4.9612736608256585,22.36344306166997,0.09581929989925797,-2.4797056735335588
160.47250798196978,-14.741328340314475,-3.1209125083194014,-26.445976920083226,-3.9639346783924054
79.7328542506001,-15.753155979792869,-25.4677244427646,-8.956739122349514,-2.998479563747239
104.33154694515258,-15.66784826365426,-17.62803719683548,-1.5884935482646547,1.101915784600635
104.33154694515258,-15.66784826365426,-17.62803719683548,-1.5884935482646547,1.101915784600635
111.91510193165277,-15.715825166770703,-15.828180581693806,2.057692554746591,-1.501182145296653
160.53562154199392,-14.816525199350565,-2.5868645228964002,-21.04416279806675,-1.4472097212372148
173.60075541101628,-20.454700616552586,-59.94270565915383,22.11588107413183,1.849293071056323
129.7082262973065,-21.724583760553614,-87.31468536092892,10.919545534555393,3.702371263534019
-524.0215551102606,-6.109652936148792,-7.651980750811692,-4.746905342111496,-5.3985423660277405
-514.4738084415188,-6.273422650663521,-4.710153521677871,5.661530270321034,-0.3339172401897059
-449.3598253476529,-4.8531681140657215,21.492276736958445,-7.25569217218791,0.5863241121617904
-449.47554423359475,-5.2594394445175325,22.546276663978944,13.332727387258661,2.732503379506653
-86.53042383213074,-13.03220047862558,-19.872946735320866,-9.02863277002826,1.029677565184116
79.72835107269702,-15.746023226949426,-25.541785585400405,-9.80916791837046,-3.3331028819676476
87.88462446979179,-15.632531787457918,-23.431640243991403,-12.347350774792009,-3.0291027183608037
111.92970341676164,-15.695641287907069,-15.869998417539787,0.8668595638667469,-1.4935066401921375
119.2628907394577,-15.448546205724718,-13.733041090860434,-7.27657205836671,2.239245747128919
119.23135302454602,-15.401089131325524,-14.026931728071485,-10.464926933292666,0.9566420966796727
119.23006223978803,-15.400433210863351,-14.02513551540334,-10.459028611304504,0.9881292150935792
-476.77459584851067,-5.216443203299646,7.6705647235644125,-20.750528154552924,1.7851240236936547
-454.12793259233905,-4.688481836873936,18.834645030845643,-20.013397526998965,2.9077185962422334
137.24323992927577,-18.588672779913708,-50.12691749083176,-4.789840418533558,6.337653793401216
-476.7937271976649,-5.207653112111466,7.584159966440355,-21.378497574770357,1.4041881154087292
71.79605029276456,-11.930749777693286,24.6562610021766,-1.7397331388723956,-3.629468124014437
168.6743340049469,-14.814385163695029,0.6394295123115494,-15.592245544078539,2.5476918194087546
-531.9008409469266,-6.822907604531258,-6.513509633090951,34.26649949914476,3.4935278396947353
-514.428189378754,-6.0766731564046506,-5.085071492942024,-2.6519411455075748,-0.7387390660790203
-447.76484219581573,-5.462135165861285,23.816810415602845,25.776882147866576,1.098139347254289
-18.615859796354925,-12.95141981739624,2.6368213396483124,21.28061953182834,4.530824907587387
15.19467304536579,-11.946017500157822,7.214258732505817,-25.597517327893566,-5.148317408200867
58.09416910240907,-11.845630504749636,22.087246308062483,-6.45900986810118,-0.7493550330047185
79.67122931236565,-15.969523346607026,-24.956803277629366,1.41734353599308,-2.1299081657448653
96.93980393152617,-15.862670007405384,-18.527862424724574,6.758969527221016,8.896305722587968
104.28473092876266,-15.798231505660148,-17.41979469693608,3.954114338509793,0.9700682796770934
111.94801947589428,-15.704856586696874,-15.784569862602508,1.4972731807557658,-1.0789689267628972
160.48903613855862,-14.70983296163719,-3.2324153563579774,-28.569477827075342,-4.2492704969368305
160.50498683020714,-14.896574580800145,-2.45929171101972,-17.71439742074216,-1.478174829663942
160.4543182586325,-15.045652171979498,-2.1073883478096036,-10.329054468426072,-0.9069428717091057
184.5235829021144,-14.757529389675426,6.147536091380372,-9.230922214916937,-0.8035808922305847
-473.08283572568416,-5.09759340808309,9.454387658999009,-21.736679065910707,0.860410362817845
72.23114667381947,-16.252006380070732,-25.471541432322223,16.57366665418702,1.7339526658350906
-473.08331472101116,-5.073091132965217,9.401098221518376,-22.67542651330656,0.7660943063651757
-63.641462543996,-12.789879099375634,-13.893140192362507,-12.69969089132988,4.508091983713328
58.064643671589124,-11.906985730483182,22.308280701950558,-2.2346876498301462,-0.20900177298456413
87.90257426840856,-15.44859631152255,-23.936174334882622,-21.04722881483184,-4.308924791072101
149.88572110328164,-19.069287002591512,-46.24285919638904,22.441036035916756,0.14997941820358562
-528.0196734772304,-6.252746062191267,-7.798750931671798,3.2333960883829356,-4.1137767108293275
-543.4974760975726,-5.836389235058913,-12.358906030075651,-18.9812104958435,-18.889137477964717
57.893472295930565,-12.766942459725964,24.737773900547133,41.66012028415102,5.6022470755830085
58.09641770886219,-11.836895818534764,22.097683510178378,-6.494583223657333,-0.6724592233967854
58.09641770886219,-11.836895818534764,22.097683510178378,-6.494583223657333,-0.6724592233967854
71.71037328371904,-12.37267900103452,25.941858293297955,21.11306824325106,-0.43218653241716254
96.98120321168494,-15.648244342804713,-19.135191568796763,-4.186342697126555,7.383527494093059
126.1473482188843,-15.234282598109683,-12.246906361927286,-15.117016065864776,-1.2004306775978364
-549.5148473333832,-6.598228416624707,-6.715933427312493,33.89707251159439,-1.4965950207418643
-499.3024853575979,-6.2072021789950504,-1.067269275314441,6.750399021534438,-2.2405273429225616
-480.39048931368507,-5.370752273835558,5.849188501312133,-17.860856779688184,1.3844244478395211
79.73173236668106,-15.733008276859394,-25.52043232312913,-9.892948350999998,-3.154904269036024
143.92183156634633,-18.6830214927327,-48.11051974055361,3.0891082577619535,1.167736972641805
155.62725277244613,-18.94416114209925,-45.902894336279594,14.801065377563841,-0.5610253110077252
-499.2692203028606,-6.038421234311526,-1.5763354901367368,-2.17862049928695,-3.542118938931381
-476.7365981191755,-5.063362887166273,7.231224119304619,-28.839355554890467,0.7539297804593588
149.99801783639816,-18.58056855192573,-47.60133378100899,-2.7856093850937853,-2.9405504400586437
167.50636780260368,-19.937358906419608,-62.56580329553569,-5.582171772846554,0.3789126746221996
-487.94633827717155,-5.5513362194401035,1.8419266054144057,-18.56671066046607,-3.7822591885472576
-487.9484219541752,-5.553454227187675,1.8365553749689045,-18.51159533275953,-3.8877913653318217
-473.1605474448889,-5.23905242827451,9.63641332896796,-15.757474575091898,0.5312449231139169
-473.1100354477327,-5.1588121330930985,9.525610958727091,-19.39605015706946,0.6843868686756736
-466.7829068975167,-5.124366368293029,12.329369796784514,-15.388726979071205,-2.1030959391715527
-86.5225922133917,-13.040937306727717,-19.79742773653433,-8.213128839031935,1.3086787333261896
65.1391093313797,-12.508151749214598,25.68347958233236,29.247263542663223,3.1238966207008616
65.28383389574151,-11.894298331171235,24.01147033564409,-2.137227512220349,-0.5464139439353488
132.83081614724858,-15.42985464161907,-9.706341820964894,-2.212699139743709,0.405097647030928
114.93740971176203,-19.077915505501384,-57.966564979331515,5.04660471437332,-7.017157817896603
137.23661759713832,-18.81020971684088,-49.33123357691313,7.383425989505373,8.917772725862463
129.84258718843682,-21.202902399364277,-88.69449373605272,-15.631186424480811,0.8069671561507903
-447.70558226993626,-5.034556117446882,22.496064437658127,3.3723163557032088,-2.528236327594101
184.41160607562176,-14.93703015895882,6.413563302266537,-0.791819001689678,-1.186423278760003
110.4684222791617,-21.78294709247981,-92.8156036715801,7.107993246421987,0.7316327030222141
129.7641031111092,-21.44549958911453,-88.15726540267093,-3.9660479362598196,1.4239276950834494
-469.61143826776055,-6.706164159613585,-5.540095017835213,-2.865450759391475,-18.23094746615199
-491.1705324549677,-5.836611095949311,1.242770263504342,-6.452645675003456,-2.6803871625376985
-449.38836040740694,-4.977838592039911,21.893456827339726,-0.26010032969867325,1.5778390870011236
129.4979835291133,-18.7957136989537,-52.65899074137074,0.13332497455008507,8.130391517947785
-487.9752559536973,-5.7594623046320175,2.458463684415973,-7.754989135424275,-2.3215374348013995
50.47721209011206,-12.099328329040404,21.400269819768873,5.806509782601122,8.810733816628016
132.73795622424575,-15.759741877403428,-8.875826639464181,14.335754816534749,1.8638159340604261
138.81650217573213,-15.902530248589123,-7.183819986265492,22.65505065506608,0.7741020652270265
-242.1524606628265,-10.569270539769668,-18.91274253253633,-1.7824522170849164,-4.039099692079205
145.4994855874403,-14.875206856925193,-6.888779144115,-5.793945108601683,-2.8023978593689662
138.96052792551188,-14.90317901628811,-8.680898982195178,-4.786659748111322,-2.516957538240675
-36.07108804262805,-11.833497137698501,-4.130523596811669,-14.888677653760574,5.3006080865936696
-18.514305188583307,-11.997220905395826,1.8644095127914628,5.591768735577052,3.721652857333538
-258.41197993559774,-9.742675137755429,-12.173881633602006,7.923693636641449,3.3834765389295995
-36.06804028704835,-11.622176316406673,-4.0693817537063595,-13.986732591727247,5.614482509045175
34.113205624063994,-10.726654573844748,14.815293713440218,-24.716553923983447,1.2194214629459168
-466.766043988586,-4.332849104233869,12.890025895752322,-6.164691024475424,0.14837519366616903
115.05815139215827,-17.754770548189786,-58.91248031063904,-12.610370868567536,-8.436479870361538
96.9549647729142,-14.656541245544034,-19.09332091997979,-0.7018403349688853,7.456154925483858
129.61763421138608,-17.315359001760328,-53.61696229408598,-17.482259232954483,6.6748162267208215
-122.6282465743248,-12.357662141648259,-32.23682882888672,-5.45105904171978,2.817603660205762
-197.2276837523135,-8.919685255841776,-7.022645194018285,-16.774320339335425,-0.6325209186763203
-132.6134514051044,-12.331268182701843,-35.53571831364395,-1.4624352858334184,1.4607831675579632
137.26622804505564,-17.294013381338402,-49.61288633677773,4.470256168078844,8.522851459746178
176.8315659810312,-13.195899787525693,3.0584325959630636,-18.686217393035857,-1.3742406737025448
96.94392705412406,-14.237346057935486,-18.91924421922773,3.4169638284797053,7.865085222864039
176.82247159523968,-13.052866873790345,3.025151494542188,-18.477061370259303,-1.5550855854200591
104.32796613509856,-14.119584418413297,-17.622813795790364,1.7222380402595228,1.1141715393999334
104.3736624366037,-13.910601477835208,-18.160391244042735,-8.380028267213262,-0.11419403044308751
119.2400228976087,-13.724458247713109,-14.10114604380731,-9.267702706321042,1.155149977716448
-466.69464606337976,-3.3115905525387794,12.238246586656954,-17.37916835946472,-1.1237588620273158
34.00202661500282,-10.12790912453703,15.709754205559117,-4.860045805440972,2.975522903255566
-451.26331455159186,-2.7707317612386935,20.09741019350956,-15.667039756284458,0.07759662241427634
126.03807718548569,-13.811161259924944,-10.939069464745153,12.417149418102621,2.0903515108307715
149.9017386292769,-17.108593668675677,-46.21663250646218,25.451508631389398,0.7860427495788258
-501.9006265707442,-4.487654144666928,-1.207366409937908,25.87765660727783,-1.2626935273051174
104.31100345930236,-13.500244473180748,-17.58546978926676,4.076672274951957,1.1052308363361618
25.10620932973302,-9.45731858352827,12.370158013202763,-13.546953010360625,6.900033252407098
-454.10876985396567,-2.151624796221821,18.563606678884497,-20.64757835022066,2.634575082384899
34.0065856719375,-9.543585178362804,15.902846723621158,-1.0301724802166667,3.6990923153637993
153.12597424837566,-12.581242378284859,-4.661528359910404,-9.073612053729079,-0.5657058858709689
56.75019387748989,-13.477607909819849,-30.071642795238624,8.1658592413355,-3.732690533011649
58.13458259058234,-9.093901508308754,21.893920137798652,-6.443913124461293,-0.49940821590128337
138.9461363166406,-12.339255776993113,-8.960201419458095,-3.860957481473786,-3.2518096600748834
72.29745557834588,-12.675482112837805,-26.113870538134663,10.852160314816057,0.3840122824884986
72.40972120773199,-11.347779498657129,-26.889180447372038,-3.894340525987392,-0.6285177753140516
-503.28914327966237,-2.425453878011196,-11.345295689371396,11.1834633716073,-6.032096787678682
79.74808748965472,-11.279435641741586,-25.285048799717796,1.2909553362982216,-1.8305013090758706
179.5218818229771,-15.256041933908207,-60.19068728257309,4.6563924663803995,-1.4736784114850394
71.7777017947841,-7.145656105904907,25.54637472979362,21.300474120192778,-0.28872616717370647
132.94354049342098,-9.931573316124107,-10.67535485690501,-12.079010668219883,-0.964108668530443
100.1925184510543,-16.20465568024263,-97.46606252750242,-5.901826214988123,-6.701496255194499
-508.7552095072814,0.09190326869086185,-3.691026201519202,7.794171024850581,-0.694665893582922
134.43461718288165,-14.766586521981335,-86.85365933332653,5.63389673029528,4.297680313654666
42.58824333044197,-4.869475422767133,17.499445225575194,-11.761164275623688,3.806722478520925
145.5224954091076,-8.458615341849157,-7.004329970586198,2.9558524419786742,-2.208615795642501
-449.26717608785384,2.3319166920369883,20.951550366876518,-7.004044475760871,0.7570152875269258
139.0377596084736,-8.159330691358939,-9.050154199006048,-1.549391195846539,-2.1966342109236052
-463.5134960874211,2.14844778786418,14.20653515902316,-4.353330122505234,1.8554277811710875
-460.25237539815316,2.7230200574394905,16.63528217463226,13.591008049477917,2.9303353780915273
-454.0707554843328,3.456682793080179,18.460232673586113,-13.183404731324607,3.048352295560221
34.1748779914966,-3.116206952569488,14.499628886222732,-18.135136748527245,1.449187274528498
97.19474389593472,-6.610104381870871,-20.776701300868154,-22.333708864287566,5.333941663613103
153.26809275681205,-5.565224865372388,-5.720740520006844,-19.080841174618463,-1.6840203464669656
97.21268764815443,-5.314474419990528,-20.877091393798185,-22.303507270559344,5.336675697085951
42.66162903080976,-1.8513034407005238,17.424289942878872,-10.364521537603217,4.518902595973287
-503.20190903810203,3.873301013591708,-11.833345987308155,11.330289581116805,-6.018805178795333
160.63792382012184,-3.6763035340322197,-4.07647692940759,-28.266773009559728,-4.150339934542572
145.50313559077904,-4.531806660125826,-6.636332609425864,16.422965463042875,-0.6361055365561299
108.04107436461493,-7.711351560370156,-61.075271909194825,0.26664360068710025,-23.98206815999675
145.6624517812986,-3.721789239357398,-8.03602946911059,-10.357936177618534,-3.622332228603156
-469.8769078075036,6.44738527552773,11.308773153869433,7.826690742589715,3.0048381984178008
-525.9416846040848,6.371931592771133,-7.3741608433312305,23.771713408321585,-1.7763056729912137
110.72469911477333,-7.921138605423902,-94.31399155886159,-2.1014578837503244,0.21461754171846792
-451.1674934833702,8.638843220165377,21.084362172236418,16.581550477847433,5.316733016029801
160.64875510416357,-0.5164650626467946,-3.2288506044025933,-9.887245823466134,-0.8725607905783619
50.799843574923784,3.713485924280815,19.076930120690022,-15.261338472192014,6.442971605120746
145.71649492531276,1.865005186524419,-8.2543167909229,-6.098570073162438,-2.962705640830947
119.49093758362267,3.77812053564631,-15.499540476352363,-9.954719534896526,1.1315802286598569
129.91808816102503,4.8749268717092376,-55.29683450895661,-15.902781157095497,6.8098429769712965
124.80607933286842,2.8320915059712872,-92.50930941265126,-13.244480655549918,-2.106307122412673
50.588533878034355,12.932798439090664,21.721526890164874,51.60117460041562,13.795175940363336
137.60518141266766,7.2980333968273365,-51.5168419388128,5.0669872056759395,8.629411207343125
-447.30542984016904,22.303171315317066,20.250326741638922,0.7631568175583467,-2.3380568217002207
-472.6943907498663,23.420843832772952,7.346259955298999,-19.07950832193383,1.1196164743224557
-472.6943907498663,23.420843832772952,7.346259955298999,-19.07950832193383,1.1196164743224557
133.1370068543397,13.583073297962088,-11.046490830641588,17.023857912557478,2.22818761578894
155.951168281337,10.920054997850954,-47.35285658509148,32.9463639409246,1.2851384393022016
153.5368522091444,16.739513656973617,-7.888808463212267,-23.41173079079904,-3.6640735698777576
-466.2845977993196,26.72519053918731,9.782214485800095,-18.44560698502349,-1.5924363559940105
80.0513817346324,15.731108924496603,-26.574932361200084,17.141868147145818,0.2891851460511248
169.02039589734954,20.530628779223132,-1.18857454573833,5.45067080292262,4.033897056864291
-447.17195666314376,31.763771438257223,19.51499762799073,0.9484641968018686,-2.4000916533614713
-226.88130135730927,32.939628323592366,80.86192949143094,30.595990519137285,0.2558472809356829
179.9073995866163,17.237907064273408,-62.07650750969709,17.700375816841177,0.22703480818320543
185.15393830658957,33.567587338972814,2.5384055242896846,-4.66350781398782,-0.5485864510706335
135.0162081669938,27.64395524833556,-90.20810470218687,5.7937092851937955,4.067984127181958
-70.56929894626711,45.20866841754456,-20.49701495307104,-9.053905557484036,3.104859516500028
185.46231817379703,49.341737075808894,0.6828322301668788,-17.988386450471104,-1.67705250632892
-70.45247062104465,57.9741119067931,-21.046559917275562,0.7087510915608135,3.8794955757349356
154.39280170339453,73.33630785800719,-12.023274673563174,-21.541403821134644,-1.7500284513052975
185.88606794381394,80.2868805212677,-1.6727941500139742,-16.23580893774927,-1.6237774389478972
146.86989037414082,87.63857475437294,-14.6003230069695,2.107482934323766,-2.189187931026396
116.48571130859398,86.45258819421333,-66.52795625054533,-2.4334560901964757,-6.87427907251903
128.2201343857041,139.1543994486998,-24.557287820659063,-14.093411167420292,-2.7645723166223775
60.79610456757848,183.95985744516403,7.046770154737208,0.1168361440150889,0.1773305740365032
128.81871162683126,184.67446906230307,-26.894805186633903,7.184471803772663,0.7868219935243701
148.39473595446282,196.8005392419887,-23.237624871764805,1.6546859601342199,-2.582672423041089
141.2173330444324,1071.99312067189,-96.57885349562596,8.133990658624416,1.0478422062564334
-550.9183048035686,-6.484206156184,-7.1668384376234755,29.423127574815975,-0.07425214389560608
-513.2327816008045,-5.951932808166031,-0.8181222043385414,4.87884970986509,0.3098252702957893
-470.98025175262126,-6.1044206569530175,-4.20415239982065,-24.495985754862875,-9.507239732401956
43.23875211683833,-3.4335648938278203,5.28795107665986,21.05962934528407,7.266392114241896
161.58969593001143,-12.739882239393634,38.53626178177057,25.7507559894124,6.165263971107237
161.68223416859803,-9.544669123135744,37.21479161919136,7.244237760607479,3.0027417229887305
161.7415638541289,-11.323729003700361,36.52590722145085,-9.189375526027206,1.1999636173560475
161.71703238020666,-12.013492325260202,36.6148424465781,-7.997501763625792,1.1736816879289478
-47.255621112204494,-12.716733031828316,-8.468912455715255,24.275246541118012,6.859347909975213
125.14887989783585,-12.25295397400653,24.690824945492217,-19.035414636721807,1.549617180368017
125.08277452338314,-10.077037832311449,25.056011183553473,-6.025870669402327,1.96248638262378
125.14300654867827,-11.536049909693974,24.42659705348231,-21.546531595002918,0.7071163848290496
125.07947004644882,-12.194467646518934,25.048974882368093,-10.335226848265329,1.9735287140494222
125.05563181060973,-12.261319881936593,25.07420482036703,-9.00602220580059,1.7337240648174514
16.863226843936673,-11.760233490501896,-4.196376842558307,-6.621856003260053,-0.23350659887175595
77.40314755944019,-2.454452111403218,13.496199357504489,-3.4344725038428727,-2.8880513521733064
138.18525157504223,-19.420242180184175,-58.263631578826285,4.807982984374359,-2.801920352944876
33.78315512867766,-5.14162069586126,0.6954905066397377,-4.641161629190037,3.944938787030381
33.649907937670264,-12.542783483443225,1.3810651488603671,-1.4572286926347289,3.854296955146694
152.60312159404373,-12.591188665522008,35.062946588169446,12.43298122441055,3.403512685107003
152.69690651805354,-10.838429144863882,33.91200952714128,-6.516181771479399,1.022889553158251
-8.041775062613056,-4.48734146245745,-11.6987302282632,-14.06352092694014,5.836660687415929
24.613684174925197,-10.870961499849386,-0.029622729965842254,39.97303225660123,5.6097738387818765
24.847755311514902,-9.094001445920487,-2.368232711309588,-2.793539508877373,0.493267827645667
85.10688878145777,-11.14830661394794,15.689788732758354,-5.671194442336354,-3.1548338260576543
144.37015158819486,-5.971067402322265,32.457140837244914,6.332443179349635,4.328304416376355
0.6552363969037742,-12.866509203926823,-7.163941011890152,8.255286813086034,8.411374976320786
61.81585769390608,-12.891679158884576,11.829268251045617,8.680599913176682,12.072773978991023
115.89837870867382,-12.353988337010392,21.25564258132374,-21.81592261240466,-0.2251441753083725
115.8471724377556,-12.514243740607181,21.677408842171836,-13.502977417087077,0.5915030263004013
115.83787721562805,-8.520780486496061,22.524437572743068,7.340165914492882,3.6989506701016666
115.81068468421097,-12.428560012701507,23.04271710176812,9.587740679678529,4.6688742003970845
115.89862533409575,-3.736618720221516,22.46927017360779,12.163983397169797,4.892262465389848
115.84541699790452,-9.712588155495787,22.3009788258315,1.2629877290117726,2.911095954466262
-206.5677824098517,-5.045275386182092,-46.70653118381485,17.094422355384022,-2.4006998048783004
-205.36509145295787,-2.891014548080196,-46.28469371777615,21.123651859194172,-2.849956051359186
-208.25587637207906,-8.725775136387526,-46.80211051663975,21.055738044812653,-4.636632451478349
-210.43583200435233,4.414271212141986,-50.63957174071528,-17.416340278634372,-10.139413912494419
-210.53332663598474,-2.6842827529362743,-50.09031265864399,-17.593550942592405,-10.181726105861458
-210.37813593952285,8.5802198588034,-50.96236450105953,-17.319230538800554,-10.130622943327893
-210.54735932584083,-3.6385673201604627,-50.015608701580945,-17.604054799652857,-10.15640698207946
-207.57751460008365,-4.8273433577469085,-47.0424416500238,19.65804321185011,-4.144302425962266
-210.34339993521496,11.26657949760845,-50.98619786483689,-14.421596293482928,-9.482627508793584
-206.63566986005242,-13.870609355601971,-46.150159313804274,11.285970068128204,-5.391008233813352
-539.559295506666,-4.725741279260765,-7.951763767457485,-9.03893283059815,-4.29008466046632
-542.4453550589656,18.086713081457397,-10.239740065315257,2.5500948664438106,-1.6875250646147322
-123.42187924410268,-4.531395413692924,82.75367527040675,-10.495462455139993,2.2800224026271536
-95.80703280149669,-5.230479394697066,93.91955490901891,40.25893171890294,6.091223220999808
-73.18020613210086,-11.32962269205873,7.8053479006155,2.8258848259989584,2.518743643952675
-73.11589032293921,-11.007155192856459,6.853008802608679,-14.075574794629073,0.09851209742866729
-73.110177893176,-10.970244445025243,6.738460073014474,-16.033787397989983,-0.21091670626545067
-73.22394769750173,-11.439478700167424,7.973382319529611,7.322802219893422,2.349323902041604
-73.00894931889849,-3.1480314244020633,6.662308152247805,-7.309150164117099,1.5015512858248883
-82.29814974484708,-8.597979355986894,4.653107793918066,-5.82554286545362,-0.4291090714946364
-101.56736752664403,82.15084599128271,82.49607421354655,-20.81955880865699,-0.6431712853599407
-109.39322749510433,-5.341436185928051,-0.7565680540959452,21.625116026425683,5.529940490380511
-102.85422494986659,-4.4094940690149285,90.23810843189356,-2.533930673379306,1.4134317014107438
-256.9801103151872,-6.435602339770933,25.689435119118862,-0.08936685694676072,-1.0194448924331425
-256.9806109355657,-7.2988101901074955,25.72856610914139,-1.2668880134572937,-0.9088346418380979
-161.45572060163266,-5.278327494181592,67.52602219534059,-5.934392978972305,1.4532108298274267
-316.8197365014953,-8.06632376761642,19.291082913207802,48.15076576799733,-24.492870797839622
-249.00887563453847,-6.820411077508179,27.106082897369483,-21.853303380567514,-2.6249104314896954
-249.0114115330876,-3.5770097161022014,27.62044907038782,-7.880218686022275,-0.6078213310329375
-313.8210381646451,-5.182166710686765,40.3642361586746,-9.99614506467168,-0.5106439080929732
-313.8210381646451,-5.182166710686765,40.3642361586746,-9.99614506467168,-0.5106439080929732
-442.3203616277909,-7.908729190361608,-0.3852874148247647,48.19595945151633,3.75754811680261
158.60938433179365,-19.563668079825028,-54.438373859014895,10.909767162675845,-0.9123961610957281
158.58149165977375,-19.170125022058595,-54.43717559157785,12.361279715446972,-0.8381092711380234
158.77159042423625,-14.051695348864857,-55.73505703230928,-6.374308524157129,-2.6651654795913515
205.60345302597761,-19.045476129672277,-41.30612161159568,3.7842244876851545,1.011332762796016
205.74689518879836,-18.652942675151667,-42.18828543744483,-15.441894154585436,-0.21456961454505574
205.74689869007784,-18.63713437618901,-42.17704004737205,-15.459864351919128,0.016861869803804552
205.93862494552002,-4.421229472687469,-43.236746509272265,-14.079652643566853,0.05801492961100507
143.77654685256266,-22.808873130433433,-89.79857075787707,44.16819596834203,-28.226821896904696
226.1398048560676,-18.456455439533496,-36.18960029131348,-15.393264051679028,-1.1317206994560536
226.08296733839268,-17.177731053381873,-35.59200910400395,-0.9140845494866596,0.12341742230407249
269.25419763123193,-18.252621140829064,-24.492562295662324,-11.44188153326154,-4.878572542672174
185.55256875097746,-18.834276949503764,-48.56293007434893,-16.784278448866274,-2.0980351907255823
185.6134552390522,-15.064217333967008,-48.84830397107138,-16.826175956042036,-2.0035857007319606
233.0492299824317,-18.388184685472726,-33.88053188164277,-14.898746881668528,-2.585616544994423
233.10320044313755,-14.011670664454538,-34.15804615152244,-13.815600498189792,-2.2937535426320323
233.47008119708914,15.710967695861445,-36.172032652273245,-6.749473371081056,-1.7050280733664778
233.0927124867053,-11.268739728543721,-34.46992608094799,-12.84992382137893,-3.4046618935626327
233.00274950183666,-17.43437524170277,-33.98552147300706,-12.93151377461038,-3.283125305123022
274.80078242785135,-16.26849157840979,-23.047141349588323,-1.4875946114369256,-5.203800268456774
165.44863732278088,-17.9044456343615,-87.06431314321543,17.78495898210016,-1.1091377423605024
198.61075892008876,-18.739024883667287,-44.48542897047133,-15.133072198254778,-1.2634205539609553
198.60647369443086,-18.72982213790387,-44.484999737401765,-15.065816431416682,-1.1733801768378953
198.5615509236551,-18.839075445947547,-44.246099167007436,-9.629331420825011,-0.9178407253749725
198.537929039995,-18.90486571604681,-44.10004541086657,-6.4238194885449325,-0.7284042302375013
198.6454586365703,-15.418433084217781,-44.754796990159676,-14.877446547483963,-1.2759853357234476
198.70049356885715,-12.177248472346434,-44.99519023266577,-14.960062078700044,-1.192791246959473
245.82563687292304,-2.7459303907593253,-31.86202941632547,-13.466694413234567,-3.110200157581062
245.68973363678322,-7.428279535642322,-30.851799831675198,-0.13920546429777758,-1.9948912446774472
165.99154175632748,-17.39401565706478,-52.05415759743763,12.503881099501061,3.3211156682677654
211.85615711870514,-19.111782092692113,-39.511296337081426,9.47851673533123,-0.5177211509510471
211.6851269423994,-19.80377865177278,-37.632044942326466,45.041133240382834,3.5803845637576046
211.88735171240342,-18.96427350239284,-39.89541013645805,2.475676059656738,-1.3946360311827561
212.72772661530007,37.0923466038953,-44.73989060114108,-6.670649606519021,-2.2311605591411876
212.04871804411698,-11.316527411435006,-40.927827699159664,-6.73557806398318,-2.1785207591742335
211.9316905992648,-17.449451676053286,-40.16682604838709,-0.6796807497109612,-1.8229081558800857
211.94503115584644,-15.058844974235726,-40.19897336780359,2.5114376344728377,-1.525176036147343
218.6201837304759,-19.04111330349338,-37.42640285295354,9.883862480406993,-0.6662120407547008
258.21090678746475,-18.410767237057904,-26.688422419879117,-5.039920709122001,-2.6376381946198677
258.14784540631763,-16.51630549057986,-26.114070636374628,9.57228166664827,-1.0967395957214876
258.1273784210026,-12.916383633334164,-25.620894609443518,24.910386838186763,0.6281777730409885
258.2354647892789,-12.747454195619362,-26.862183695519214,1.6301415489146045,-2.434768153566168
258.6155282990285,9.714815314975056,-28.968071412666852,-6.516504059903287,-2.896719264040243
191.6484433032689,-19.775845303256304,-44.055340680802885,34.2733867004812,4.865539089951113
191.77421140600518,-19.399933144651456,-44.967241364660026,15.347912524835731,3.2934608352691583
191.72738571937248,-17.922212012820495,-44.772235993074894,23.11002068156004,3.582338451673209
191.6996520115266,-16.078316719736247,-44.34183856139551,34.3595774025825,4.873341600862062
191.85770578235588,-12.053396971919867,-45.79737139531416,12.066236044458545,2.3554245377930982
191.8693201252296,-17.090320375887796,-45.879120104964585,1.2273740226156455,1.6923946053854166
191.8479618574213,-17.47825909628682,-45.63897791421972,5.251060990479505,2.1632409389524554
191.88777586001527,-13.305406649329216,-45.81392329680913,8.474412198722806,2.435365180783535
192.04258187108223,-5.957774149761103,-47.19190043523779,-6.3359835933269935,0.402719634773149
191.87970781247282,-17.718107649905765,-46.28066728402675,-6.61012113639854,0.3779030232504397
239.56421171187696,-18.886368496306716,-30.480453112721925,13.219443670399794,2.2930927162607304
239.64592842614036,-18.569221482681307,-31.34314800323473,-3.053965486648753,0.36553613618964675
239.778364761906,-10.477734413126392,-31.945378248177818,-3.2049833680768387,0.4966837395396908
239.63885921905478,-17.545085355493423,-31.272222817739816,0.1430015346844975,0.5881611355918039
239.65856533608223,-14.772989383989884,-31.341149770188526,3.3183954719580093,0.8873612828417521
171.0711988407312,-21.927033228448668,-85.24737339622452,24.80160861237842,4.420034482385589
218.66294056693232,-16.168818444791683,-37.54316501523437,11.792406019632917,-0.3956933986387128
218.79843899318405,-13.085987569833236,-38.69693102266178,-6.597127915987574,-2.2764751305066966
218.95621317044254,1.0539052159978448,-39.25235498502196,3.7312360039383385,-0.87821454340245
263.5048472782074,-16.693591035410552,-25.489176171671854,-3.3350748623748316,-0.5831024667535729
263.5141133854992,-18.236386302164554,-25.98857095271126,-14.147666649590505,-2.3612715697056217
190.2205866544798,-6.945606456415074,-51.015423983373985,6.4885008074142725,0.4507682963261743
301.97161244086783,-8.799865648204493,115.38533111482926,28.78475994956737,-4.322143565545744
302.12240210137634,2.229339267145302,114.53017988235987,29.073648265816676,-4.214754256229767
-23.166145568347474,-10.63565136014471,28.833480782301855,12.400714840615517,0.6152325369406242
130.8791975543137,-9.780391602607938,72.25842079885606,28.427419806729223,-0.6321868081755895
168.09676870578141,-8.61113020528169,83.42727701055787,-6.577501973317041,0.719353919593317
334.34334586014506,9.577365280770003,121.98534713534275,30.741474225600715,-5.858659147248886
190.55028165192675,19.483297243477484,-52.521957977045716,17.080633417809825,1.8802778967815357
139.69539851764716,-9.249715445953166,73.52445241047384,5.910425789615321,-1.912766299553894
188.2882079571334,165.61788798489627,75.40981660966399,-2.623781788531332,-3.366314625097914
-525.656789937289,-5.501103973868761,3.181817272504661,5.375350311759885,3.8699465295355395
-391.07869697349787,-11.873194430667205,-38.37415398116779,65.4412708754659,-46.56046776807551
-89.41585276580128,-3.2291850892410623,6.713960737065728,-6.619362446805546,3.972186327035871
108.39801405220487,6.681501073048156,65.27663139352713,16.42358144823415,-2.6039726619286796
159.01503973874173,-2.575630963225111,79.38881458678246,-20.76341711735499,3.250641791999513
227.5528746524618,34.23073187987328,96.463382925883,10.31452999027751,-4.782275874910141
295.96046883486554,3.981089731385203,111.30260489844382,-4.4669777205499095,-7.3304948562688566
76.68991450321721,6.48737381508579,57.468067756080984,2.811490267994369,-2.2237263283050908
196.85146905969611,4.848956078545542,-50.10023379107399,13.617340692817539,3.706523284319431
-525.6150330744267,-5.427877161212159,3.0594930224468957,1.8719518978125897,3.8955518340349613
177.32934184200064,20.319096243047298,83.82343326596057,-14.244503211396392,-1.3224094514778528
176.93186497009617,-8.321803971127622,86.04339628578994,-14.900391894433753,-1.3555145199077714
-500.08489120926106,2.56799066866989,-10.795314753249368,27.013008546485462,0.3527594225994761
183.77052882666112,10.537611215582086,-54.19770085317264,5.284435323008413,0.3728068154064772
303.1279590501622,62.385537770488156,108.07763498524629,-4.210717793225186,-8.401381025706542
-531.0923780561998,-5.02584819696052,-1.3636866365787537,-27.357026581507075,3.9679350754711606
-512.5354814807957,-7.371516034052957,-13.031858212344059,24.517372570592077,-2.1632068116851997
-500.91579612528653,44.42216045080835,-14.7532831967651,18.679623942610508,-0.9080572351746667
196.56039417019974,-16.031077407085885,-48.48930881871634,13.175818948543725,3.6357991643405967
76.5919413362484,-5.497515266179255,57.506869527485975,-14.580755154747576,-4.26066482148309
185.9463774415873,-8.216090324329649,88.38851753160257,-17.17986033536487,-4.600653317798745
-257.1519756230101,-10.158740856223774,-14.83184196960635,-13.280257315544237,8.459354453558788
-257.03934407061575,-2.026171249344076,-15.461982860613304,-13.09068423491171,8.47651577135754
176.60314474307904,-14.658250896852607,-54.090530439939165,4.2129259410231334,1.47619768261832
176.94175633876114,-8.334166331909321,86.20803746685564,-13.256498630789483,-0.6228792460213413
108.28046084972334,-9.156907776510716,65.35343380603564,-6.292650692195323,-5.238064760246601
169.4922981217744,-13.448527717824291,-57.2149563689766,-6.511694932364193,-5.84427210439452
148.94509372849313,-8.57193152666763,75.66407549892782,-22.19506492409804,-2.783766287651801
339.6545656364815,-4.536203127515832,122.76648524964071,18.99660203304469,-10.919051211709942
-503.5668859205781,-6.8702294112533515,-12.069448091803867,1.2426605839800793,-3.334893727322438
334.3907788992857,-0.20835573757274428,120.98650799742128,-4.413246624971389,-9.697314788952752
-98.83458193973496,-10.914450007352743,3.42422522068202,-15.160316026820942,2.5987317063909217
-505.881382893924,-6.800222943847253,-12.80768571477715,-2.6314558372800896,-4.404394361624355
-515.7070840315746,-2.483323726784565,-14.980517490982734,9.465641971400647,-2.6398899514263547
-107.5273640959432,-9.284760001621477,0.4405702863006571,-18.589686094954544,0.774197321407101
185.94305264935997,-8.21187983981649,88.46869882357434,-16.226653497168947,-4.164545341052786
194.47205400372866,-8.465664969786914,91.93494958460559,0.5322973240833591,-1.0554559370263519
178.50863989245954,735.4966716433044,25.06902111210851,-5.163691710510143,1.368520879744736
36.987975980598776,-2.4586948453526882,47.45701387186164,-9.023400937885146,-0.40913374369178257
-528.0589973543487,-5.021448045764013,0.6443986842226064,-22.17796517545267,3.5183890869103465
131.1514622351159,-6.645897061286524,70.42269858839956,-6.401715180830799,-3.146160278683226
76.58513866025316,-6.134307596766516,57.73182183049559,-11.823532199147174,-3.7381185512391966
103.45418236351577,176.10802262729953,49.479008223366776,-7.942958614606649,-3.201500893542203
158.98879566680114,-8.230741031804333,79.30386780046169,-31.171893066126618,2.0313883840246802
271.24140996169683,-1.6731437610336028,104.46061575385332,-22.050544810000964,-11.65782173534231
190.1235954128814,-18.81759539728515,-49.94518076091148,6.005532347320173,1.4882832482512356
186.02060018041527,-3.225070752237311,87.98186424851231,-18.134623755257525,-4.36107121082776
226.97263476062994,-8.481855297908025,99.63961546044568,7.3007970659802375,-5.420889567721744
226.96604126776788,-8.462600819435833,99.65412352741525,7.385406717095041,-5.265319700564092
139.86001742492545,-6.493987010107353,72.23761116829243,-15.8273819398251,-4.2061838325492715
168.18244079335955,-8.430981293603994,83.07195148503855,-15.544003851223254,0.5450183867289695
76.56636804932577,-6.129546493524136,58.17993000694187,-4.018972920647233,-2.4320110174586347
327.86063908306744,-8.039307367179127,119.94418714660043,-3.332677228787098,-10.229309165234312
68.45266799735782,-2.9533039033116886,55.86579290006745,-7.713160741975571,-1.6064870305586112
168.13851668798327,-8.49924705669951,83.27630673236506,-11.107458932685805,0.9748330912387217
194.61136462089587,6.5026599739548,91.62243040655093,17.006326710566054,0.9382201245636992
287.3024605750812,-8.27033631030873,109.73605269204167,-3.7356838016942504,-9.159905461536482
-173.36415203267615,-10.09579533516384,6.2642130328796615,4.178995810295017,1.3514031591161029
139.81339455515308,-8.325882668845743,72.48060376812647,-13.638812833180761,-3.9653698451177064
242.14627782005346,-8.838617629806556,103.03609382680041,25.152776282224554,-3.399757713891148
185.95718092875995,-2.198262488153512,89.08229622369264,3.8095674552216217,-1.527047171554031
183.34760889426616,-19.24508110518989,-51.935488440586795,4.815694375055134,-0.20147881534430212
334.2064283698595,-8.259093839087777,122.3395385486252,9.733371873532395,-8.084362072647309
139.82081793794873,-7.539114547633383,72.05507621811783,-19.173178383351075,-5.183704788004576
-513.7553936216652,-2.2524773438051717,7.4756273434997755,18.06778745451331,1.1619588047150273
-182.334956764401,-10.699899249117916,5.645282311395492,31.630137255501378,11.365470117890041
334.34577537985695,1.6610410907353774,121.57145920156444,9.932820095873257,-8.147544163810124
-451.4340564004955,-5.737898155482449,21.065742719599633,30.85465893201805,12.771480159727417
130.9878632746536,-9.618767890406717,72.13208307105702,21.86890762368292,0.32626550678651256
-528.1411031305122,-5.264049488463128,1.1938636400205613,-10.559603924941989,4.377242995148336
322.07260987722145,-8.706931245074525,120.39859368699894,29.318178679593725,-4.497393289475951
76.41771373715972,-9.655321746538842,59.322471548717004,13.497270424035985,-0.5271420225190582
158.92023622885597,-2.4135867640220767,80.42212938429847,-0.43281244007281217,5.630982122461916
115.51224536547102,-0.40510706055336243,68.75153165559134,40.78417838783513,6.195105811923099
202.26865678321394,-8.764789261760036,94.29016861117357,16.73387550458879,-3.0934202827014587
278.79963427419364,-8.513481554940594,108.0297777633434,6.179723002738623,-9.189869109421394
226.92793927773312,-8.503569135340843,99.58093684672455,8.047574506717343,-6.061526881897038
27.628713494242106,-9.74448359903087,46.08168896255773,0.5997255646414636,5.810016919040038
226.92014745933238,-8.562090387519877,99.75046703713436,10.98050324381433,-5.648372069684655
101.93562976560315,73.12178364083123,58.115946653886894,4.39509511283708,-2.5340144936721742
185.82833948208395,-5.515298560161905,89.88370249325753,15.42013471050333,-0.4397776937041158
295.68398327533123,-6.774200672154418,113.62208065628681,23.60389683509381,-3.774644992890515
185.78768090814526,-8.840149249398674,90.13389252356642,15.268757211355425,-0.6086739219221613
185.7825138994922,-8.824138155117861,90.14008334597115,15.343004486520488,-0.44675999457321325
302.03602268883856,-5.087549129129598,115.04910033523996,27.722601481309898,-4.423426867080366
-542.6097471231191,-1.451440891498823,-7.628858367195298,39.07671075167181,-6.559788705544861
-542.6356652754827,-4.598099562527786,-7.664199323136405,34.046171977629825,-7.321288149487742
-543.5217068530433,0.37104595229070014,-9.620930483200901,16.224705391876906,-7.420488728534792
-520.098700147149,-2.6812909189989287,-2.3298964051883377,0.09095330686649561,0.05159809970632523
-515.2776977226837,-0.10239846187882495,-0.07680992006482867,-4.443938199714026,1.670269625686629
-512.456414304347,1.323925705153206,0.7441010083479238,-18.641746013310662,1.2557403216687817
-530.3887947905803,55.60789871349147,-5.725230754074069,-11.753079931173914,5.099034112085462
-531.1682865892437,-5.1828869441198355,-1.2866186604115555,-19.80199963709017,4.582016933441736
-481.449428911908,32.39366077795575,-1.6474936892705117,-5.7189183904128775,1.0557825874378182
-316.64994565811116,-3.7856734293268373,44.994264685880886,31.153196446783912,1.6926348012967196
-298.57261475647863,61.71025825803653,-0.18472883592680311,3.9894656570592453,5.160722950087916
-228.6088853966915,3.3546151831581446,34.09792824598369,-13.833389295648669,3.488589292000114
-192.56950891534558,-3.2184956740135657,46.58700534103335,-9.208775781905977,7.919134493145933
-155.00456567286147,-8.352899595096318,2.3100240512886376,-19.072837081913864,2.883167202979351
-124.15598892065253,-2.678389937786335,13.55767649585236,-2.852836625793511,7.958559895751051
-124.40632384782867,-8.530425372545023,15.968099551735031,34.510229490168115,12.601176297283871
-112.02194753860636,267.29425275261445,-5.925264097085311,16.813899656839222,1.3047601288945003
12.5449014053371,-9.677240657787982,1.2605131885030456,-21.45534828166287,1.115307544787683
12.51996466925823,-12.382392958897617,1.279594348941119,-24.503562240029055,0.5064046420057196
41.95735530797958,-11.033948135873004,12.976568419907514,-6.475635493144754,5.5284106435997415
42.052843180871946,-12.013215207260924,12.46776924305693,-20.564898808633757,4.975063522855024
42.45369178646888,14.362829189988723,10.340221875986513,-22.39371889432236,4.896566478704116
52.09620949198245,-9.853467941742629,15.9413592309706,-20.07058306716332,9.174122339542777
62.349743793377115,-10.066958533537004,20.625610224033245,-4.128830417986208,8.106969246822175
62.59949831433107,4.4626509476089735,19.026958513777657,-12.995057540253551,7.007635550294353
62.84747710689692,33.9397193832486,18.71840222454528,24.983328162523517,11.913827414184766
62.25541512581049,-12.363838875790908,21.577756403279537,11.018391977230312,9.690131643968044
62.40224029893977,-11.84907306073111,20.27799073419859,-14.815703450811817,7.239607163061962
82.37969347756405,-11.314656524142679,26.806803125333403,-27.29177303746855,3.564934681936876
92.78286164233316,-11.251058024264296,31.283036051295532,-21.5499058286198,2.6164529745766885
93.31622918967582,31.852057230366974,27.968082458876182,-17.607313691651616,2.170477717754437
103.20142542320241,-2.5507049260716883,35.03626806524445,-18.337767114825326,4.522724552679264
123.54780842988794,-11.045496404484716,44.23514964031485,-5.983217411717902,6.403973989518974
123.72393683841187,-7.9356291888186075,43.2488627295621,-23.19048548676929,5.438945303609273
134.12421378722138,4.06446632689273,46.134329300142966,-21.883274689255348,3.610183489240285
134.4914710103501,29.872032437289405,44.1031160324001,-22.410047219160973,3.7907120928489206
133.92388018893314,-0.4581458765401818,48.44844567915695,13.994441679141577,8.78999313385276
133.70248973635557,-11.31699044912133,49.29576261456528,16.83178717704313,7.990232755184252
133.70374715007813,-11.32055990488796,49.292420465118695,16.816534193418473,7.965009339568127
133.6870227946008,-11.408170310005282,49.50390658911466,20.833950422053594,8.366627156495099
144.03662934648582,-12.303378614779277,3.319914374047139,-16.615877782906537,7.733681115532534
144.6919152985547,35.196200219564,-0.42437769510456747,-16.397857075503786,7.6683573034541155
202.64966770863623,-8.359443302528577,16.436364144220775,-10.57881369102476,-1.979090973248077
211.09495711409102,-14.837111448302128,21.061861545630073,27.907622779453437,0.8488546929910683
211.25878857112139,-14.201927248908675,19.332699963566192,-4.600684200894552,-3.130229432884164
211.26052147958012,-14.206577832739097,19.326585399264694,-4.619391309835791,-3.1533381617698524
211.15683531813204,-12.607310579573175,20.832645000016996,25.548552773158466,1.1079721512690384
211.121581503593,-14.198501871171459,20.387894046799538,17.366996279629422,-0.9943608459658435
105.8505493091775,-19.886299741313103,-73.672538908602,-5.483323513399444,-8.753908275882054
105.9508263773248,-13.426904658672113,-74.35504981961579,-8.298495678283647,-9.336483897809046
106.45082120066093,33.511201174994866,-75.8817207026506,31.79085708493641,-3.913149298673801
105.84447692589993,-9.44789071143359,-72.61758858072389,30.025099946906128,-4.135233130566235
71.91289342405366,-11.944859106333366,23.6184463257484,-5.166332624961196,3.2942818726538547
-453.69143800919136,-8.4509913238375,-27.432016460624517,-11.116143507694268,-11.01375742659286
